{
  "model": "mlx-community/Llama-3.2-1B-Instruct-4bit",
  "max_tokens": 80,
  "prompts": [
    "Explain why the sky appears blue in just one short sentence.",
    "List three reasons to prefer SQLite over Postgres for small apps.",
    "Write one line of Python that reverses a string named text."
  ],
  "results": [
    {
      "name": "fp16-baseline",
      "throughput_tok_s": 106.52718344924465,
      "peak_mb": 710.4904632568359,
      "key_compression": 1.0,
      "value_compression": 1.0,
      "avg_bits": 16.0,
      "total_tokens": 243,
      "total_time_s": 2.2811079025268555
    },
    {
      "name": "vecinfer-2bit",
      "throughput_tok_s": 79.33728547488403,
      "peak_mb": 712.9581756591797,
      "key_compression": 8.0,
      "value_compression": 8.0,
      "avg_bits": 2.0,
      "total_tokens": 227,
      "total_time_s": 2.8612020015716553
    },
    {
      "name": "vecinfer-1.5bit",
      "throughput_tok_s": 11.732048280597914,
      "peak_mb": 713.5568809509277,
      "key_compression": 10.666666666666666,
      "value_compression": 10.666666666666666,
      "avg_bits": 1.5,
      "total_tokens": 236,
      "total_time_s": 20.11583948135376
    },
    {
      "name": "vecinfer-1bit",
      "throughput_tok_s": 60.86808832810348,
      "peak_mb": 712.8927459716797,
      "key_compression": 16.0,
      "value_compression": 16.0,
      "avg_bits": 1.0,
      "total_tokens": 211,
      "total_time_s": 3.466512680053711
    }
  ]
}